"id_salarié","Sexe","Etat Civil","Congé maternité A-1","Enfants","Contrat","Salaire base mensuel","%variable_moyen","Augmentation","Promotion","Durée hebdo","Ancienneté_an","Distance domicile/Travail","Service","Work_accident","Niveau de satisfaction","Âge","Catégorie_Âge","categorie anncienneté","Salaire ETP","Rémunération annuelle totale","CSP"
"16960619-9017","H","Célibataire",0,0,"CDI",9999.3833,27,0,0,35,17.8,56,"Marketing","Non",34,40,"40-49 ans","10 ans et plus",9999.3833,152390.601492,"Cadre"
"16470418-3807","H","Célibataire",0,0,"CDI",9978.15,34,0,0,35,13,26,"Compta Finances","Non",78,46,"40-49 ans","10 ans et plus",9978.15,160448.652,"Cadre"
"16560122-3612","H","Marié",0,0,"CDI",9940.2333,24,0,0,35,22.7,4,"Marketing","Non",45,40,"40-49 ans","10 ans et plus",9940.2333,147910.671504,"Cadre"
"16550903-3725","H","Non renseigné",0,3,"CDI",9928.1,27,1,1,35,10,16,"RH","Non",58,32,"30-39 ans","10 ans et plus",9928.1,151304.244,"Cadre"
"16990924-2829","F","Marié",0,3,"CDI",9873.5,13,0,0,35,22.5,69,"Consultant","Non",60,41,"40-49 ans","10 ans et plus",9873.5,133884.66,"Cadre"
"16600919-9578","H","Célibataire",0,1,"CDI",9785.5333,28,0,0,35,17.2,48,"Commercial","Oui",40,35,"30-39 ans","10 ans et plus",9785.5333,150305.791488,"Cadre"
"16030220-7121","F","Célibataire",0,0,"CDI",9782.5,38,0,0,35,6.3,23,"Consultant","Non",69,44,"40-49 ans","5 à 10 ans",9782.5,161998.2,"Cadre"
"16560416-4227","F","Marié",0,0,"CDI",9777.95,4,1,0,35,10.5,56,"Commercial","Oui",13,41,"40-49 ans","10 ans et plus",9777.95,122028.81600000002,"Cadre"
"16750821-7945","H","Marié",0,1,"CDI",9737,12,1,1,35,7.4,62,"Consultant","Non",72,52,"50 ans et plus","5 à 10 ans",9737,130865.28,"Cadre"
"16240230-3065","H","Célibataire",0,0,"CDI",9642.9667,17,0,0,35,19,13,"RH","Non",3,54,"50 ans et plus","10 ans et plus",9642.9667,135387.25246800002,"Cadre"
"16231022-5566","H","Célibataire",0,2,"CDI",9635.3833,19,1,0,35,6.4,68,"RH","Oui",32,42,"40-49 ans","5 à 10 ans",9635.3833,137593.273524,"Cadre"
"16290104-5498","H","Marié",0,2,"CDI",9573.2,5,1,0,35,7.9,28,"Informatique","Non",77,48,"40-49 ans","5 à 10 ans",9573.2,120622.32,"Cadre"
"16460821-8733","H","Non renseigné",0,1,"CDI",9573.2,7,0,0,35,18.7,26,"Commercial","Oui",48,47,"40-49 ans","10 ans et plus",9573.2,122919.888,"Cadre"
"16330528-4048","F","Non renseigné",0,1,"CDI",9555,20,1,0,35,13.9,50,"Commercial","Non",15,34,"30-39 ans","10 ans et plus",9555,137592,"Cadre"
"16110307-6129","F","Non renseigné",0,3,"CDI",9497.3667,17,1,0,35,13.8,63,"Commercial","Non",81,46,"40-49 ans","10 ans et plus",9497.3667,133343.028468,"Cadre"
"16310121-8257","H","Non renseigné",0,0,"CDI",9488.2667,38,1,1,35,14.9,6,"Commercial","Non",52,53,"50 ans et plus","10 ans et plus",9488.2667,157125.696552,"Cadre"
"16721204-5277","H","Célibataire",0,2,"CDI",9447.3167,0,1,0,35,21.1,61,"Consultant","Non",1,46,"40-49 ans","10 ans et plus",9447.3167,113367.8004,"Cadre"
"16050210-5695","F","Marié",0,1,"CDI",9426.0833,24,1,0,35,23.8,40,"Consultant","Non",9,51,"50 ans et plus","10 ans et plus",9426.0833,140260.119504,"Cadre"
"16691022-5702","H","Marié",0,1,"CDI",9400.3,3,1,0,35,20.1,12,"Consultant","Non",25,55,"50 ans et plus","10 ans et plus",9400.3,116187.70799999998,"Cadre"
"16810204-2564","F","Non renseigné",0,1,"CDI",9366.9333,8,1,1,35,9.1,46,"Informatique","Non",74,46,"40-49 ans","5 à 10 ans",9366.9333,121395.455568,"Cadre"
"16410407-6098","F","Marié",0,1,"CDI",9256.2167,1,1,0,35,7.4,5,"Compta Finances","Non",84,57,"50 ans et plus","5 à 10 ans",9256.2167,112185.34640400001,"Cadre"
"16241106-8329","F","Célibataire",0,1,"CDI",9218.3,4,0,0,35,6.7,20,"Marketing","Non",69,42,"40-49 ans","5 à 10 ans",9218.3,115044.38399999999,"Cadre"
"16081120-1045","F","Célibataire",0,3,"CDI",9162.1833,17,1,0,35,9.1,46,"Consultant","Non",7,52,"50 ans et plus","5 à 10 ans",9162.1833,128637.053532,"Cadre"
"16900610-6265","H","Célibataire",0,3,"CDI",9096.9667,21,0,0,35,5.8,44,"Informatique","Oui",8,58,"50 ans et plus","5 à 10 ans",9096.9667,132087.95648400002,"Cadre"
"16850330-5826","H","Marié",0,2,"CDI",9069.6667,1,0,0,35,18.4,64,"Commercial","Non",11,43,"40-49 ans","10 ans et plus",9069.6667,109924.360404,"Cadre"
"16740413-0572","H","Marié",0,0,"CDI",9039.3333,20,1,1,35,10.7,30,"RH","Non",1,29,"Moins de 30 ans","10 ans et plus",9039.3333,130166.39952,"Cadre"
"16020327-1465","F","Célibataire",0,3,"CDI",8860.8,19,1,0,32,11.9,65,"RH","Non",59,43,"40-49 ans","10 ans et plus",9691.5,138394.62,"Cadre"
"16360908-7378","F","Célibataire",0,3,"CDI",8828.5167,17,0,1,35,10.6,18,"Commercial","Oui",84,33,"30-39 ans","10 ans et plus",8828.5167,123952.374468,"Cadre"
"16100419-9707","F","Célibataire",0,3,"CDI",8746.6167,19,0,1,35,5.2,5,"RH","Non",62,36,"30-39 ans","5 à 10 ans",8746.6167,124901.686476,"Cadre"
"16720627-1632","H","Marié",0,1,"CDI",8716.2833,20,0,0,35,8.3,50,"Informatique","Non",93,33,"30-39 ans","5 à 10 ans",8716.2833,125514.47951999998,"Cadre"
"16830122-2462","H","Marié",0,0,"CDI",8714.7667,37,1,0,35,15.6,24,"Commercial","Non",80,56,"50 ans et plus","10 ans et plus",8714.7667,143270.764548,"Cadre"
"16111023-3358","H","Marié",0,3,"CDI",8696.5667,34,1,0,35,13.1,19,"Marketing","Non",89,59,"50 ans et plus","10 ans et plus",8696.5667,139840.79253599996,"Cadre"
"16421204-6850","H","Non renseigné",0,3,"CDI",8696.5667,37,0,0,35,8.7,60,"Compta Finances","Non",26,60,"50 ans et plus","5 à 10 ans",8696.5667,142971.556548,"Cadre"
"16250316-9381","F","Marié",0,0,"CDI",8655.6167,26,1,0,35,15.8,68,"Compta Finances","Non",25,43,"40-49 ans","10 ans et plus",8655.6167,130872.92450400001,"Cadre"
"16530329-9431","F","Célibataire",0,0,"CDI",8629.8333,3,0,0,35,19.4,38,"Commercial","Non",44,47,"40-49 ans","10 ans et plus",8629.8333,106664.739588,"Cadre"
"16590918-0399","H","Marié",0,2,"CDI",8563.1,7,0,0,35,21.5,55,"RH","Non",87,43,"40-49 ans","10 ans et plus",8563.1,109950.204,"Cadre"
"16920528-2461","H","Célibataire",0,2,"CDI",8458.45,1,0,0,35,15.2,31,"Informatique","Non",35,37,"30-39 ans","10 ans et plus",8458.45,102516.41400000002,"Cadre"
"16400410-2770","H","Célibataire",0,2,"CDI",8428.1167,18,1,0,35,20,57,"Commercial","Oui",44,52,"50 ans et plus","10 ans et plus",8428.1167,119342.132472,"Cadre"
"16560624-9059","F","Non renseigné",0,0,"CDI",8422.05,38,0,1,35,11.7,54,"Compta Finances","Non",96,53,"50 ans et plus","10 ans et plus",8422.05,139469.148,"Cadre"
"16560517-2740","H","Non renseigné",0,0,"CDI",8337.1167,16,0,1,35,6.3,29,"Commercial","Oui",14,34,"30-39 ans","5 à 10 ans",8337.1167,116052.664464,"Cadre"
"16610522-9428","F","Non renseigné",0,3,"CDI",8332.5667,12,0,0,35,5.2,34,"Compta Finances","Non",42,38,"30-39 ans","5 à 10 ans",8332.5667,111989.696448,"Cadre"
"16020701-3376","F","Célibataire",0,1,"CDI",8328.0167,14,1,0,35,10.2,59,"Compta Finances","Non",60,35,"30-39 ans","10 ans et plus",8328.0167,113927.268456,"Cadre"
"16710204-1402","H","Marié",0,0,"CDI",8277.9667,10,0,0,35,20.4,55,"RH","Non",78,37,"30-39 ans","10 ans et plus",8277.9667,109269.16044,"Cadre"
"16910902-6667","F","Célibataire",0,2,"CDI",8218.8167,14,0,0,35,16.3,28,"Compta Finances","Non",32,64,"50 ans et plus","10 ans et plus",8218.8167,112433.41245599999,"Cadre"
"16030828-8604","F","Non renseigné",0,1,"CDI",8126.3,36,1,0,35,18.2,23,"Commercial","Oui",54,46,"40-49 ans","10 ans et plus",8126.3,132621.21600000001,"Cadre"
"16500419-9062","F","Non renseigné",0,1,"CDI",8108.1,38,0,0,35,11.7,68,"RH","Non",69,33,"30-39 ans","10 ans et plus",8108.1,134270.136,"Cadre"
"16820814-8992","H","Non renseigné",0,3,"CDI",8073.2167,38,1,1,35,15.7,29,"Compta Finances","Non",70,49,"40-49 ans","10 ans et plus",8073.2167,133692.468552,"Cadre"
"16451112-4747","F","Non renseigné",0,1,"CDI",8056.5333,14,0,0,35,21.8,31,"Marketing","Non",75,48,"40-49 ans","10 ans et plus",8056.5333,110213.37554400001,"Cadre"
"16760117-3029","F","Non renseigné",0,1,"CDI",8056.5333,13,0,1,35,10.3,31,"Compta Finances","Non",32,59,"50 ans et plus","10 ans et plus",8056.5333,109246.591548,"Cadre"
"16720410-2094","F","Célibataire",0,3,"CDI",7942.7833,38,1,0,35,10.8,27,"Commercial","Non",78,46,"40-49 ans","10 ans et plus",7942.7833,131532.49144800002,"Cadre"
"16610722-2223","H","Célibataire",0,2,"CDI",7927.6167,32,1,0,35,10,21,"Commercial","Oui",42,45,"40-49 ans","10 ans et plus",7927.6167,125573.44852800001,"Cadre"
"16730908-9915","F","Marié",0,1,"CDI",7898.8,35,0,0,35,23,3,"Compta Finances","Oui",65,61,"50 ans et plus","10 ans et plus",7898.8,127960.56000000001,"Cadre"
"16100719-6502","F","Célibataire",0,0,"CDI",7889.7,27,0,0,35,16.5,47,"Compta Finances","Non",53,33,"30-39 ans","10 ans et plus",7889.7,120239.02799999999,"Cadre"
"16431129-7214","F","Non renseigné",0,3,"CDI",7877.5667,36,1,0,35,22.2,28,"RH","Non",63,45,"40-49 ans","10 ans et plus",7877.5667,128561.88854400002,"Cadre"
"16080824-2457","H","Non renseigné",0,2,"CDI",7753.2,21,1,0,35,15.2,62,"Compta Finances","Non",96,43,"40-49 ans","10 ans et plus",7753.2,112576.46399999999,"Cadre"
"16320910-2411","H","Marié",0,3,"CDI",7713.7667,23,1,0,35,14.3,31,"Commercial","Oui",31,53,"50 ans et plus","10 ans et plus",7713.7667,113855.196492,"Cadre"
"16420516-7234","H","Marié",0,2,"CDI",7710.7333,27,0,0,35,7.5,70,"RH","Non",86,36,"30-39 ans","5 à 10 ans",7710.7333,117511.575492,"Cadre"
"16311229-8504","F","Marié",0,0,"CDI",7687.9833,9,0,0,35,17.3,69,"RH","Non",47,44,"40-49 ans","10 ans et plus",7687.9833,100558.82156400001,"Cadre"
"16770513-2772","F","Marié",0,3,"CDI",7672.8167,37,1,1,35,3.8,30,"Consultant","Non",77,41,"40-49 ans","2 à 5 ans",7672.8167,126141.10654800001,"Cadre"
"16370212-9440","H","Marié",0,3,"CDI",7654.6167,5,1,0,35,23.3,60,"Informatique","Non",54,42,"40-49 ans","10 ans et plus",7654.6167,96448.17042,"Cadre"
"16021124-8356","F","Non renseigné",0,1,"CDI",7637.9333,21,1,0,35,8.6,34,"RH","Non",84,50,"50 ans et plus","5 à 10 ans",7637.9333,110902.791516,"Cadre"
"16290605-1228","H","Marié",0,3,"CDI",7637.9333,27,0,0,35,13.8,68,"Marketing","Non",59,36,"30-39 ans","10 ans et plus",7637.9333,116402.103492,"Cadre"
"16181114-4680","F","Non renseigné",0,0,"CDI",7601.5333,19,1,1,35,12.5,53,"Compta Finances","Non",55,42,"40-49 ans","10 ans et plus",7601.5333,108549.89552399999,"Cadre"
"16500514-6310","F","Marié",0,0,"CDI",7496.8833,6,1,0,35,21.9,55,"Commercial","Non",77,42,"40-49 ans","10 ans et plus",7496.8833,95360.355576,"Cadre"
"16840316-2442","F","Non renseigné",0,1,"CDI",7377.0667,17,1,0,35,6,67,"Compta Finances","Non",70,59,"50 ans et plus","5 à 10 ans",7377.0667,103574.016468,"Cadre"
"16090824-7661","H","Célibataire",0,2,"CDI",7358.8667,31,1,0,28,9.9,48,"Marketing","Non",17,30,"30-39 ans","5 à 10 ans",9198.583375,144601.73065500002,"Cadre"
"16940414-0312","F","Non renseigné",0,3,"CDI",7308.8167,12,0,0,35,20.2,53,"Consultant","Non",24,38,"30-39 ans","10 ans et plus",7308.8167,98230.496448,"Cadre"
"16020725-8401","F","Marié",0,0,"CDI",7304.2667,17,1,0,35,7.9,59,"Consultant","Non",34,37,"30-39 ans","5 à 10 ans",7304.2667,102551.90446800001,"Cadre"
"16581203-8213","H","Marié",0,2,"CDI",7269.08,7,1,1,28,9.2,65,"Consultant","Non",5,49,"40-49 ans","5 à 10 ans",9086.35,116668.734,"Cadre"
"16900402-0286","H","Célibataire",0,2,"CDI",7264.8333,31,0,0,35,15.6,65,"Marketing","Non",64,57,"50 ans et plus","10 ans et plus",7264.8333,114203.179476,"Cadre"
"16640715-7632","H","Marié",0,3,"CDI",7263.3167,30,1,1,35,12.7,16,"RH","Non",84,54,"50 ans et plus","10 ans et plus",7263.3167,113307.74051999999,"Cadre"
"16281009-4371","H","Non renseigné",0,2,"CDI",7185.9667,7,1,0,35,5.5,67,"Compta Finances","Non",66,60,"50 ans et plus","5 à 10 ans",7185.9667,92267.812428,"Cadre"
"16080130-8107","H","Non renseigné",0,0,"CDI",7184.45,37,1,1,35,24.1,28,"Marketing","Non",54,42,"40-49 ans","10 ans et plus",7184.45,118112.35800000001,"Cadre"
"16711027-7246","H","Célibataire",0,2,"CDI",7178.3833,38,1,0,35,6.5,68,"Consultant","Non",89,33,"30-39 ans","5 à 10 ans",7178.3833,118874.02744800001,"Cadre"
"16831218-0485","F","Célibataire",0,0,"CDI",7157.15,3,0,0,35,3.7,26,"RH","Non",6,38,"30-39 ans","2 à 5 ans",7157.15,88462.374,"Cadre"
"16100329-5753","F","Non renseigné",1,1,"CDI",7148.05,21,1,0,35,7.9,27,"RH","Oui",42,35,"30-39 ans","5 à 10 ans",7148.05,103789.68600000002,"Cadre"
"16571101-6617","H","Célibataire",0,1,"CDI",7098,1,1,0,35,23.2,29,"Commercial","Oui",39,49,"40-49 ans","10 ans et plus",7098,86027.76,"Cadre"
"16931009-2151","H","Marié",0,0,"CDI",7081.3167,26,0,0,35,20,8,"Informatique","Non",31,53,"50 ans et plus","10 ans et plus",7081.3167,107069.508504,"Cadre"
"16230105-6343","H","Marié",0,0,"CDI",6973.6333,31,0,1,35,19.1,50,"Consultant","Non",99,52,"50 ans et plus","10 ans et plus",6973.6333,109625.515476,"Cadre"
"16621028-8244","F","Marié",0,3,"CDI",6902.35,17,0,1,35,17.3,45,"Commercial","Non",21,35,"30-39 ans","10 ans et plus",6902.35,96908.994,"Cadre"
"16800116-6613","H","Célibataire",0,1,"CDI",6842.16,21,1,0,24,23.9,37,"Marketing","Non",1,57,"50 ans et plus","10 ans et plus",9978.15,144882.738,"Cadre"
"16140409-8707","F","Célibataire",1,3,"CDI",6838.65,5,1,0,35,3,6,"Commercial","Oui",41,31,"30-39 ans","2 à 5 ans",6838.65,86166.98999999999,"Cadre"
"16551001-4151","F","Marié",0,2,"CDI",6818.9333,14,1,0,35,24.3,35,"Commercial","Non",47,46,"40-49 ans","10 ans et plus",6818.9333,93283.007544,"Cadre"
"16341225-2086","F","Marié",0,3,"CDI",6743.36,4,0,0,32,22.7,59,"Compta Finances","Non",6,42,"40-49 ans","10 ans et plus",7375.549999999999,92046.86399999999,"Cadre"
"16430518-1481","F","Célibataire",0,1,"CDI",6591.4333,19,0,0,35,20.2,65,"Consultant","Oui",63,59,"50 ans et plus","10 ans et plus",6591.4333,94125.66752399999,"Cadre"
"16000206-8278","F","Non renseigné",0,2,"CDI",6583.85,13,1,0,35,12.6,59,"Marketing","Non",67,58,"50 ans et plus","10 ans et plus",6583.85,89277.006,"Cadre"
"16560730-2626","H","Non renseigné",0,1,"CDI",6526.2167,36,0,1,35,22.8,67,"Informatique","Non",4,59,"50 ans et plus","10 ans et plus",6526.2167,106507.856544,"Cadre"
"16170926-3188","H","Non renseigné",0,0,"CDI",6494.3667,1,0,0,35,6,12,"Informatique","Oui",30,39,"30-39 ans","5 à 10 ans",6494.3667,78711.724404,"Cadre"
"16300713-6405","F","Non renseigné",0,3,"CDI",6413.9833,24,1,0,35,7.2,59,"Consultant","Non",72,45,"40-49 ans","5 à 10 ans",6413.9833,95440.07150399999,"Cadre"
"16640209-4004","H","Non renseigné",0,2,"CDI",6409.4333,21,0,0,35,7.1,38,"Consultant","Non",80,53,"50 ans et plus","5 à 10 ans",6409.4333,93064.97151599999,"Cadre"
"16220428-5924","H","Non renseigné",0,0,"CDI",6398.8167,11,1,0,35,7,29,"Consultant","Non",68,49,"40-49 ans","5 à 10 ans",6398.8167,85232.238444,"Cadre"
"16770921-1705","F","Marié",0,1,"CDI",6356.35,26,1,0,35,4.2,40,"Informatique","Non",4,35,"30-39 ans","2 à 5 ans",6356.35,96108.012,"Cadre"
"16660325-6006","F","Non renseigné",0,1,"CDI",6301.75,34,0,0,35,9.7,28,"Consultant","Non",39,58,"50 ans et plus","5 à 10 ans",6301.75,101332.13999999998,"Cadre"
"16141213-3603","F","Marié",0,2,"CDI",6212.2667,5,1,0,35,4.6,51,"Commercial","Non",3,45,"40-49 ans","2 à 5 ans",6212.2667,78274.56042,"Cadre"
"16920917-6040","H","Célibataire",0,1,"CDI",6195.5833,23,0,1,35,13.1,27,"Commercial","Non",56,47,"40-49 ans","10 ans et plus",6195.5833,91446.809508,"Cadre"
"16341230-0471","H","Non renseigné",0,2,"CDI",6178.64,17,0,0,24,23.3,48,"Informatique","Non",57,49,"40-49 ans","10 ans et plus",9010.516666666668,126507.65400000002,"Cadre"
"16731208-8904","H","Célibataire",0,0,"CDI",6175.8667,38,0,0,35,9.7,30,"RH","Non",29,29,"Moins de 30 ans","5 à 10 ans",6175.8667,102272.352552,"Cadre"
"16050619-6252","F","Célibataire",0,2,"CDI",6163.7333,16,1,1,35,23.9,70,"Commercial","Non",38,48,"40-49 ans","10 ans et plus",6163.7333,85799.167536,"Cadre"
"16170310-5534","F","Marié",0,3,"CDI",6127.3333,0,1,1,35,14.3,65,"Compta Finances","Non",94,49,"40-49 ans","10 ans et plus",6127.3333,73527.99960000001,"Cadre"
"16491209-6288","H","Non renseigné",0,0,"CDI",6121.2667,32,0,0,35,20.5,45,"Commercial","Oui",7,38,"30-39 ans","10 ans et plus",6121.2667,96960.864528,"Cadre"
"16220127-8625","H","Célibataire",0,2,"CDI",6043.9167,3,1,0,35,16.9,65,"Consultant","Non",36,43,"40-49 ans","10 ans et plus",6043.9167,74702.81041199999,"Cadre"
"16200506-8370","H","Célibataire",0,2,"CDI",6031.7833,39,1,0,35,19.2,35,"Commercial","Oui",74,45,"40-49 ans","10 ans et plus",6031.7833,100610.14544400001,"Cadre"
"16880121-1056","H","Marié",0,1,"CDI",6002.9667,2,1,0,35,22.8,38,"Marketing","Oui",70,47,"40-49 ans","10 ans et plus",6002.9667,73476.312408,"Cadre"
"16661123-8764","H","Célibataire",0,3,"CDI",5984.7667,6,0,0,35,24.9,62,"Commercial","Non",17,46,"40-49 ans","10 ans et plus",5984.7667,76126.232424,"Cadre"
"16671208-2624","F","Non renseigné",0,0,"CDI",5951.92,32,1,0,24,8.2,65,"Marketing","Non",1,50,"50 ans et plus","5 à 10 ans",8679.883333333333,137489.352,"Cadre"
"16111130-1717","H","Non renseigné",0,3,"CDI",5949.8833,17,1,0,35,16.2,69,"Commercial","Non",41,32,"30-39 ans","10 ans et plus",5949.8833,83536.36153200001,"Cadre"
"16510216-5973","H","Marié",0,3,"CDI",5930.1667,33,0,0,35,5.9,23,"Marketing","Non",37,43,"40-49 ans","5 à 10 ans",5930.1667,94645.460532,"Cadre"
"16931211-0175","F","Non renseigné",0,3,"CDI",5895.76,23,1,0,24,22.4,64,"Commercial","Non",15,52,"50 ans et plus","10 ans et plus",8597.983333333334,126906.234,"Cadre"
"16400120-2136","H","Non renseigné",0,1,"CDI",5810.35,36,1,0,35,5.8,61,"Consultant","Non",94,39,"30-39 ans","5 à 10 ans",5810.35,94824.91200000001,"Cadre"
"16340716-8222","H","Marié",0,3,"CDI",5805.8,37,0,0,35,21.1,22,"Commercial","Non",15,37,"30-39 ans","10 ans et plus",5805.8,95447.352,"Cadre"
"16101212-2048","H","Marié",0,0,"CDI",5749.6833,17,0,0,35,13.8,51,"Commercial","Non",19,54,"50 ans et plus","10 ans et plus",5749.6833,80725.55353199999,"Cadre"
"16130305-6954","F","Non renseigné",0,1,"CDI",5739.0667,6,1,1,35,24.7,30,"Consultant","Non",51,53,"50 ans et plus","10 ans et plus",5739.0667,73000.928424,"Cadre"
"16100424-1459","H","Célibataire",0,3,"CDI",5724.16,15,1,0,24,18.6,49,"Compta Finances","Non",100,35,"30-39 ans","10 ans et plus",8347.733333333334,115198.72,"Cadre"
"16710920-7451","F","Marié",0,1,"CDI",5585.8833,17,1,0,35,15.7,48,"Consultant","Non",50,26,"Moins de 30 ans","10 ans et plus",5585.8833,78425.80153200001,"Cadre"
"16750302-5590","F","Non renseigné",0,1,"CDI",5581.3333,20,1,1,35,23.9,47,"Commercial","Oui",86,39,"30-39 ans","10 ans et plus",5581.3333,80371.19952000001,"Cadre"
"16940521-7028","F","Non renseigné",0,2,"CDI",5522.1833,9,1,0,35,5.9,70,"RH","Non",7,62,"50 ans et plus","5 à 10 ans",5522.1833,72230.157564,"Cadre"
"16920713-6616","H","Marié",0,1,"CDI",5517.6333,23,1,1,35,23.3,9,"Marketing","Non",81,45,"40-49 ans","10 ans et plus",5517.6333,81440.26750800002,"Cadre"
"16960628-0338","H","Non renseigné",0,0,"CDI",5464.55,34,0,0,35,10.5,6,"Commercial","Non",47,48,"40-49 ans","10 ans et plus",5464.55,87869.964,"Cadre"
"16950828-2259","H","Célibataire",0,2,"CDI",5462.08,39,0,0,24,7.5,60,"Marketing","Non",25,31,"30-39 ans","5 à 10 ans",7965.533333333333,132865.09600000002,"Cadre"
"16400510-0542","H","Célibataire",0,3,"CDI",5455.45,7,0,0,35,19,7,"Consultant","Non",8,52,"50 ans et plus","10 ans et plus",5455.45,70047.978,"Cadre"
"16761028-0344","H","Non renseigné",0,3,"CDI",5448.56,30,0,0,24,7.3,9,"Consultant","Non",51,53,"50 ans et plus","5 à 10 ans",7945.816666666667,123954.73999999999,"Cadre"
"16910826-9763","F","Célibataire",0,1,"CDI",5388.7167,30,1,0,35,8.4,17,"Consultant","Non",51,45,"40-49 ans","5 à 10 ans",5388.7167,84063.98052000001,"Cadre"
"16850430-6617","H","Non renseigné",0,1,"CDI",5359.9,4,1,0,35,15.7,45,"RH","Non",80,60,"50 ans et plus","10 ans et plus",5359.9,66891.552,"Cadre"
"16050721-8014","F","Marié",0,3,"CDI",5293.1667,39,0,0,35,18.6,16,"RH","Non",30,64,"50 ans et plus","10 ans et plus",5293.1667,88290.020556,"Cadre"
"16260415-5834","H","Non renseigné",0,0,"CDI",5212.7833,11,0,0,35,4.2,39,"Informatique","Non",32,50,"50 ans et plus","2 à 5 ans",5212.7833,69434.273556,"Cadre"
"16450910-7050","F","Célibataire",0,3,"CDI",5106.6167,10,0,0,35,9.8,22,"RH","Non",77,49,"40-49 ans","5 à 10 ans",5106.6167,67407.34044,"Cadre"
"16420625-3827","H","Marié",0,0,"CDI",5097.2133,10,1,0,28,9.3,35,"Consultant","Non",62,43,"40-49 ans","5 à 10 ans",6371.516625000001,84104.01945000002,"Cadre"
"16031007-1667","F","Non renseigné",0,0,"CDI",5092.9667,11,1,0,35,23.1,49,"Commercial","Non",31,42,"40-49 ans","10 ans et plus",5092.9667,67838.316444,"Cadre"
"16270818-3112","F","Marié",0,0,"CDI",5076.2833,33,0,0,35,4.4,43,"RH","Non",20,53,"50 ans et plus","2 à 5 ans",5076.2833,81017.481468,"Cadre"
"16320923-9437","F","Célibataire",0,0,"CDI",5067.1833,39,1,0,35,15.1,34,"RH","Non",55,53,"50 ans et plus","10 ans et plus",5067.1833,84520.61744399999,"Cadre"
"16741025-9738","F","Non renseigné",1,2,"CDI",5056.5667,24,1,0,35,16.2,66,"RH","Non",46,33,"30-39 ans","10 ans et plus",5056.5667,75241.71249600001,"Cadre"
"16390301-2403","H","Marié",0,3,"CDI",5035.3333,24,0,0,35,24,55,"RH","Non",95,56,"50 ans et plus","10 ans et plus",5035.3333,74925.75950400002,"Cadre"
"16590417-5196","H","Non renseigné",0,0,"CDI",4988.3167,8,0,0,35,22.2,37,"Compta Finances","Non",52,50,"50 ans et plus","10 ans et plus",4988.3167,64648.584432,"Cadre"
"16011205-0331","F","Célibataire",0,2,"CDI",4974.32,32,0,0,24,11.8,31,"Commercial","Oui",66,59,"50 ans et plus","10 ans et plus",7254.216666666666,114906.79199999999,"Cadre"
"16340806-9395","F","Marié",0,0,"CDI",4882.8,17,1,0,24,9.9,45,"Commercial","Non",1,52,"50 ans et plus","5 à 10 ans",7120.75,99975.33,"Cadre"
"16520121-8566","F","Marié",0,0,"CDI",4851.6,14,0,0,24,20.6,64,"RH","Non",11,36,"30-39 ans","10 ans et plus",7075.25,96789.42,"Cadre"
"16620809-2681","H","Non renseigné",0,0,"CDI",4795.44,19,0,1,24,5.6,7,"Consultant","Non",33,31,"30-39 ans","5 à 10 ans",6993.349999999999,99865.038,"Cadre"
"16370717-6461","F","Marié",0,2,"CDI",4763.85,7,1,0,35,10.8,44,"Marketing","Non",73,39,"30-39 ans","10 ans et plus",4763.85,61167.834,"Cadre"
"16661124-0695","F","Célibataire",0,0,"CDI",4712.2833,26,1,0,35,12,66,"Consultant","Non",46,40,"40-49 ans","10 ans et plus",4712.2833,71249.723496,"Cadre"
"16520612-7770","F","Célibataire",0,2,"CDI",4663.75,5,0,0,35,24.4,39,"Informatique","Oui",32,56,"50 ans et plus","10 ans et plus",4663.75,58763.25,"Cadre"
"16461115-9486","H","Marié",0,1,"CDI",4624.3167,15,0,0,35,10.2,35,"Marketing","Non",92,39,"30-39 ans","10 ans et plus",4624.3167,63815.57046,"Cadre"
"16490707-4639","F","Célibataire",0,1,"CDI",4563.65,38,1,0,35,16.2,55,"Marketing","Oui",51,48,"40-49 ans","10 ans et plus",4563.65,75574.044,"Cadre"
"16820517-1112","F","Non renseigné",0,1,"CDI",4516.6333,34,1,0,35,17.4,42,"Consultant","Non",90,44,"40-49 ans","10 ans et plus",4516.6333,72627.463464,"Cadre"
"16810725-6144","H","Marié",0,1,"CDI",4499.95,22,1,0,35,5.8,59,"RH","Non",46,51,"50 ans et plus","5 à 10 ans",4499.95,65879.268,"Cadre"
"16440228-5151","H","Marié",0,3,"CDI",4449.9,33,1,0,35,2.9,3,"Consultant","Non",2,51,"50 ans et plus","2 à 5 ans",4449.9,71020.404,"Cadre"
"16550904-2932","F","Célibataire",0,3,"CDI",4424.1167,30,0,0,35,24.2,58,"Marketing","Non",29,47,"40-49 ans","10 ans et plus",4424.1167,69016.22051999999,"Cadre"
"16600811-0956","H","Célibataire",0,3,"CDI",4421.0833,6,1,1,35,14.2,8,"Compta Finances","Non",28,52,"50 ans et plus","10 ans et plus",4421.0833,56236.179575999995,"Cadre"
"16990414-3527","H","Célibataire",0,0,"CDI",4296.7167,39,0,0,35,10.8,32,"Consultant","Non",39,61,"50 ans et plus","10 ans et plus",4296.7167,71669.234556,"Cadre"
"16460313-0032","F","Marié",0,0,"CDI",4289.1333,12,0,1,35,12.6,33,"Consultant","Non",82,62,"50 ans et plus","10 ans et plus",4289.1333,57645.95155200001,"Cadre"
"16431030-6354","H","Marié",0,3,"CDI",4281.55,13,1,0,35,8.3,63,"Consultant","Non",50,36,"30-39 ans","5 à 10 ans",4281.55,58057.818,"Cadre"
"16540514-9153","H","Célibataire",0,0,"CDI",4263.35,31,0,0,35,15.7,69,"Compta Finances","Non",48,54,"50 ans et plus","10 ans et plus",4263.35,67019.86200000001,"Cadre"
"16310403-3810","F","Célibataire",0,0,"CDI",4204.2,39,1,0,35,9.3,57,"Compta Finances","Non",4,50,"50 ans et plus","5 à 10 ans",4204.2,70126.056,"Cadre"
"16360616-0509","F","Non renseigné",0,2,"CDI",4198.1333,34,1,0,35,4.8,33,"Compta Finances","Non",14,32,"30-39 ans","2 à 5 ans",4198.1333,67505.98346400002,"Cadre"
"16320710-7636","H","Marié",0,2,"CDI",4165.2,12,0,0,24,22.6,43,"Informatique","Non",41,57,"50 ans et plus","10 ans et plus",6074.25,81637.92,"Cadre"
"16910501-3081","F","Marié",0,0,"CDI",4152.6333,7,1,0,35,15.8,46,"Commercial","Oui",60,48,"40-49 ans","10 ans et plus",4152.6333,53319.811572000006,"Cadre"
"16431025-4026","H","Célibataire",0,0,"CDI",4134.4333,22,0,0,35,22.8,62,"Consultant","Non",34,39,"30-39 ans","10 ans et plus",4134.4333,60528.103512,"Cadre"
"16050407-7405","F","Marié",0,1,"CDI",4117.36,8,1,0,24,6.7,7,"RH","Non",35,61,"50 ans et plus","5 à 10 ans",6004.483333333333,77818.10399999999,"Cadre"
"16601210-4086","F","Marié",0,1,"CDI",4082.8667,28,0,0,35,22.3,37,"Marketing","Non",74,43,"40-49 ans","10 ans et plus",4082.8667,62712.83251200001,"Cadre"
"16400112-6921","H","Marié",0,1,"CDI",4022.2,14,0,0,35,15.6,36,"Marketing","Non",37,57,"50 ans et plus","10 ans et plus",4022.2,55023.695999999996,"Cadre"
"16230523-1322","F","Non renseigné",0,0,"CDI",4013.1,12,0,0,35,8.1,59,"Compta Finances","Non",93,36,"30-39 ans","5 à 10 ans",4013.1,53936.064,"Cadre"
"16220420-6227","H","Non renseigné",0,0,"CDI",4000.9667,40,1,0,35,24.2,62,"Consultant","Non",60,42,"40-49 ans","10 ans et plus",4000.9667,67216.24056,"Cadre"
"16241218-7045","H","Non renseigné",0,2,"CDI",3891.7667,32,0,0,35,7.2,28,"Consultant","Non",13,57,"50 ans et plus","5 à 10 ans",3891.7667,61645.584528,"Cadre"
"16411102-7886","H","Marié",0,1,"CDI",3882.6667,1,0,1,35,11.8,46,"RH","Non",49,32,"30-39 ans","10 ans et plus",3882.6666999999998,47057.920404,"Profession intermédiaire"
"16230718-4297","F","Marié",0,1,"CDI",3853.2,9,1,1,24,24.8,44,"Compta Finances","Non",47,52,"50 ans et plus","10 ans et plus",5619.25,73499.79000000001,"Cadre"
"16410421-3634","F","Célibataire",0,3,"CDI",3835.65,26,0,0,35,14.9,13,"RH","Non",99,55,"50 ans et plus","10 ans et plus",3835.65,57995.028,"Cadre"
"16620606-6349","H","Non renseigné",0,1,"CDI",3803.8,30,0,0,35,20.4,9,"RH","Non",39,43,"40-49 ans","10 ans et plus",3803.8,59339.280000000006,"Cadre"
"16360125-5924","F","Marié",0,3,"CDI",3800.7667,9,1,1,35,24.7,53,"Commercial","Non",61,58,"50 ans et plus","10 ans et plus",3800.7667,49714.02843599999,"Profession intermédiaire"
"16390127-6224","F","Non renseigné",0,1,"CDI",3797.7333,24,0,0,35,23.9,52,"RH","Non",29,51,"50 ans et plus","10 ans et plus",3797.7333,56510.271504000004,"Cadre"
"16981206-3817","F","Non renseigné",0,1,"CDI",3705.2167,29,1,0,35,13,68,"RH","Oui",62,47,"40-49 ans","10 ans et plus",3705.2167,57356.75451599999,"Cadre"
"16451016-1336","H","Marié",0,2,"CDD",3693.0833,24,0,0,35,0.3,42,"Marketing","Non",25,39,"30-39 ans","Moins de 2 ans",3693.0833,54953.079503999994,"Cadre"
"16560125-0110","H","Marié",0,1,"CDI",3677.9167,33,0,1,35,22.6,47,"Commercial","Non",95,38,"30-39 ans","10 ans et plus",3677.9167,58699.55053200001,"Cadre"
"16301226-6122","H","Non renseigné",0,1,"CDI",3655.1667,33,0,0,35,19.3,41,"Marketing","Non",69,64,"50 ans et plus","10 ans et plus",3655.1667,58336.460532,"Cadre"
"16690714-7836","F","Non renseigné",0,1,"CDD",3640,6,0,0,35,1.1,9,"Marketing","Non",96,46,"40-49 ans","Moins de 2 ans",3640,46300.8,"Profession intermédiaire"
"16680515-6269","F","Non renseigné",0,2,"CDI",3597.5333,32,1,0,35,16.8,60,"Marketing","Non",38,39,"30-39 ans","10 ans et plus",3597.5333,56984.927472,"Cadre"
"16781122-5775","H","Marié",0,2,"CDI",3582.3667,30,1,0,35,22.4,48,"Marketing","Non",81,46,"40-49 ans","10 ans et plus",3582.3667,55884.92052,"Cadre"
"16620412-8323","F","Célibataire",1,2,"CDI",3547.4833,39,1,0,35,11.7,43,"Consultant","Non",1,27,"Moins de 30 ans","10 ans et plus",3547.4833,59172.021444,"Cadre"
"16861012-1389","H","Célibataire",0,2,"CDI",3508.05,11,0,1,35,24,60,"RH","Non",92,48,"40-49 ans","10 ans et plus",3508.05,46727.226,"Profession intermédiaire"
"16891006-1830","H","Célibataire",0,2,"CDI",3486.8167,19,0,0,35,3.1,13,"RH","Non",65,30,"30-39 ans","2 à 5 ans",3486.8167,49791.742476,"Profession intermédiaire"
"16700930-1784","H","Non renseigné",0,0,"CDI",3462.55,3,1,0,35,20.6,13,"Marketing","Oui",99,40,"40-49 ans","10 ans et plus",3462.55,42797.118,"Profession intermédiaire"
"16090206-9129","F","Célibataire",0,1,"CDI",3459.5167,30,0,0,35,10.3,38,"Consultant","Non",25,55,"50 ans et plus","10 ans et plus",3459.5167,53968.46052000001,"Cadre"
"16100606-3398","H","Marié",0,0,"CDI",3436.7667,27,1,0,35,10.3,11,"Compta Finances","Non",44,36,"30-39 ans","10 ans et plus",3436.7667,52376.324508000005,"Cadre"
"16820319-6442","H","Célibataire",0,2,"CDI",3383.6833,23,0,0,35,17.2,11,"Compta Finances","Non",56,48,"40-49 ans","10 ans et plus",3383.6833,49943.165508000006,"Profession intermédiaire"
"16670406-9274","H","Marié",0,3,"CDI",3335.15,28,1,0,35,7.5,6,"RH","Non",90,54,"50 ans et plus","5 à 10 ans",3335.15,51227.904,"Cadre"
"16440819-3466","F","Marié",0,1,"CDI",3260.8333,30,1,0,35,17,28,"Commercial","Non",42,36,"30-39 ans","10 ans et plus",3260.8333,50868.99948,"Cadre"
"16430903-4405","F","Marié",0,3,"CDI",3256.2833,34,0,0,35,8.8,13,"Marketing","Non",25,54,"50 ans et plus","5 à 10 ans",3256.2833,52361.035464,"Cadre"
"16860412-1965","H","Marié",0,1,"CDI",3232.0167,35,0,0,35,24.4,8,"Consultant","Non",36,41,"40-49 ans","10 ans et plus",3232.0167,52358.67054000001,"Cadre"
"16650614-4689","F","Marié",0,3,"CDI",3218.3667,27,1,0,35,19.3,23,"RH","Non",23,50,"50 ans et plus","10 ans et plus",3218.3667,49047.908508,"Profession intermédiaire"
"16670913-0147","F","Célibataire",0,1,"CDD",3201.6833,38,0,0,35,0.8,8,"Compta Finances","Non",45,26,"Moins de 30 ans","Moins de 2 ans",3201.6833,53019.875448000006,"Cadre"
"16790704-0179","F","Marié",0,3,"CDD",3185,3,0,0,35,1.7,60,"Commercial","Non",58,45,"40-49 ans","Moins de 2 ans",3185,39366.600000000006,"Profession intermédiaire"
"16810820-7468","F","Marié",0,3,"CDD",3168.3167,10,0,0,35,1.4,42,"Consultant","Non",18,45,"40-49 ans","Moins de 2 ans",3168.3167,41821.78044,"Profession intermédiaire"
"16890313-1335","F","Marié",0,2,"CDI",3165.2833,0,0,0,35,6.8,18,"Commercial","Oui",67,58,"50 ans et plus","5 à 10 ans",3165.2833,37983.399600000004,"Profession intermédiaire"
"16951117-9468","F","Non renseigné",0,3,"CDI",3116.88,37,0,0,24,8.2,43,"RH","Non",48,61,"50 ans et plus","5 à 10 ans",4545.45,74727.198,"Cadre"
"16920105-1209","F","Célibataire",0,1,"CDI",3097.0333,13,0,0,35,25,58,"Consultant","Non",19,63,"50 ans et plus","10 ans et plus",3097.0333,41995.771548000004,"Profession intermédiaire"
"16090608-0239","F","Marié",0,2,"CDI",3060.72,6,0,0,24,19.5,30,"RH","Non",73,51,"50 ans et plus","10 ans et plus",4463.55,56776.356,"Cadre"
"16770802-4604","F","Marié",0,2,"CDD",3033.3333,8,0,0,35,0.4,17,"Consultant","Non",24,61,"50 ans et plus","Moins de 2 ans",3033.3333,39311.999568,"Profession intermédiaire"
"16170623-3887","F","Célibataire",0,2,"CDI",3012.1,19,1,0,35,16.2,19,"RH","Non",15,54,"50 ans et plus","10 ans et plus",3012.1,43012.788,"Profession intermédiaire"
"16870824-4853","H","Célibataire",0,3,"CDI",2998.45,21,1,0,35,8.2,13,"Marketing","Non",22,29,"Moins de 30 ans","5 à 10 ans",2998.45,43537.494,"Profession intermédiaire"
"16660922-3489","F","Marié",0,1,"CDI",2928.6833,33,1,1,35,5.3,30,"Commercial","Oui",97,54,"50 ans et plus","5 à 10 ans",2928.6833,46741.785468,"Profession intermédiaire"
"16211102-1297","H","Célibataire",0,0,"CDI",2918.0667,39,1,0,35,21.2,44,"Consultant","Non",89,47,"40-49 ans","10 ans et plus",2918.0667,48673.352556,"Profession intermédiaire"
"16611004-8219","F","Célibataire",0,2,"CDI",2916.55,35,1,0,35,10.2,42,"Commercial","Non",98,39,"30-39 ans","10 ans et plus",2916.55,47248.11,"Profession intermédiaire"
"16640301-8754","F","Célibataire",0,2,"CDI",2912,35,0,1,35,4.2,65,"Marketing","Non",40,56,"50 ans et plus","2 à 5 ans",2912,47174.399999999994,"Profession intermédiaire"
"16740208-0084","F","Célibataire",0,1,"CDD",2881.6667,27,0,0,35,1.9,15,"Commercial","Non",76,53,"50 ans et plus","Moins de 2 ans",2881.6667,43916.600508,"Profession intermédiaire"
"16960906-7989","H","Non renseigné",0,0,"CDD",2848.3,15,1,0,35,3.3,15,"Informatique","Oui",81,34,"30-39 ans","2 à 5 ans",2848.3,39306.54,"Profession intermédiaire"
"16600521-9024","H","Marié",0,1,"CDI",2843.75,2,0,0,35,12.5,11,"Consultant","Non",69,47,"40-49 ans","10 ans et plus",2843.75,34807.5,"Profession intermédiaire"
"16160206-9161","H","Célibataire",0,3,"CDI",2834.65,15,1,0,35,6.2,61,"Consultant","Non",24,65,"50 ans et plus","5 à 10 ans",2834.65,39118.17,"Profession intermédiaire"
"16350127-5733","H","Célibataire",0,3,"CDI",2828.5833,21,0,0,35,24.2,9,"Commercial","Non",86,51,"50 ans et plus","10 ans et plus",2828.5833,41071.029515999995,"Profession intermédiaire"
"16080411-7877","H","Célibataire",0,3,"CDI",2813.72,8,1,0,28,13.3,17,"Consultant","Non",9,55,"50 ans et plus","10 ans et plus",3517.15,45582.263999999996,"Profession intermédiaire"
"16560103-9174","H","Non renseigné",0,1,"CDI",2777.0167,10,1,0,35,23.5,14,"Consultant","Non",66,57,"50 ans et plus","10 ans et plus",2777.0167,36656.62044,"Profession intermédiaire"
"16950514-2464","H","Non renseigné",0,2,"CDI",2769.4333,33,0,0,35,18.9,69,"Compta Finances","Oui",89,38,"30-39 ans","10 ans et plus",2769.4333,44200.155468,"Profession intermédiaire"
"16891013-6921","H","Non renseigné",0,3,"CDI",2767.9167,6,1,0,35,9.2,44,"RH","Non",88,65,"50 ans et plus","5 à 10 ans",2767.9167,35207.90042400001,"Profession intermédiaire"
"16381004-1917","H","Célibataire",0,0,"CDI",2735.2,27,0,0,24,21.2,49,"RH","Non",47,56,"50 ans et plus","10 ans et plus",3988.8333333333335,60789.82000000001,"Cadre"
"16720411-0782","F","Marié",0,2,"CDI",2731.5167,4,1,0,35,16.2,21,"Consultant","Non",3,48,"40-49 ans","10 ans et plus",2731.5167,34089.328416000004,"Profession intermédiaire"
"16181212-5860","H","Non renseigné",0,0,"CDI",2675.4,20,1,0,35,3.4,42,"Consultant","Non",60,54,"50 ans et plus","2 à 5 ans",2675.4,38525.76,"Profession intermédiaire"
"16060812-9664","H","Marié",0,0,"CDI",2604.1167,32,1,0,35,20.5,61,"Compta Finances","Non",70,60,"50 ans et plus","10 ans et plus",2604.1167,41249.208528,"Profession intermédiaire"
"16190724-3065","H","Marié",0,0,"CDI",2561.65,13,0,0,35,17.4,41,"Consultant","Non",68,35,"30-39 ans","10 ans et plus",2561.65,34735.974,"Profession intermédiaire"
"16301213-1524","H","Marié",0,2,"CDD",2558.6167,22,0,0,35,1.8,59,"Consultant","Oui",59,38,"30-39 ans","Moins de 2 ans",2558.6167,37458.148488,"Profession intermédiaire"
"16700908-2889","H","Marié",0,2,"CDI",2511.6,21,0,0,35,9.2,21,"Commercial","Oui",79,38,"30-39 ans","5 à 10 ans",2511.6,36468.432,"Profession intermédiaire"
"16181217-7101","F","Non renseigné",0,2,"CDI",2507.44,18,1,1,24,16.2,47,"RH","Non",98,47,"40-49 ans","10 ans et plus",3656.683333333334,51778.636000000006,"Cadre"
"16891203-4397","F","Célibataire",0,0,"CDD",2496,21,0,0,32,1.3,43,"Consultant","Oui",6,49,"40-49 ans","Moins de 2 ans",2730,39639.600000000006,"Profession intermédiaire"
"16730918-6273","F","Marié",0,1,"CDD",2426.6667,21,0,0,35,0.6,14,"Marketing","Oui",70,50,"50 ans et plus","Moins de 2 ans",2426.6667,35235.200484,"Profession intermédiaire"
"16721116-8286","H","Marié",0,2,"CDI",2396.3333,11,0,0,35,21.6,14,"Commercial","Oui",62,48,"40-49 ans","10 ans et plus",2396.3333,31919.159555999995,"Profession intermédiaire"
"16710125-5136","F","Non renseigné",0,1,"CDI",2369.0333,20,0,0,35,12.8,20,"Commercial","Non",52,35,"30-39 ans","10 ans et plus",2369.0333,34114.07952,"Profession intermédiaire"
"16441109-5385","H","Célibataire",0,1,"CDD",2357.3333,12,0,0,32,1.2,12,"Consultant","Non",100,50,"50 ans et plus","Moins de 2 ans",2578.3332968749996,34652.79951,"Profession intermédiaire"
"16240920-3425","F","Célibataire",0,3,"CDI",2309.8833,23,0,0,35,8.2,3,"Commercial","Non",63,52,"50 ans et plus","5 à 10 ans",2309.8833,34093.877508,"Profession intermédiaire"
"16091122-3147","F","Non renseigné",0,3,"CDD",2226.4667,2,0,0,35,1.1,14,"Consultant","Non",81,33,"30-39 ans","Moins de 2 ans",2226.4667,27251.952407999997,"Employé"
"16920219-1855","F","Célibataire",0,3,"CDI",2132.4333,18,1,1,35,3.2,15,"Consultant","Non",60,46,"40-49 ans","2 à 5 ans",2132.4333,30195.255528,"Profession intermédiaire"
"16540728-0337","F","Non renseigné",0,1,"CDD",2123.3333,39,0,0,35,1.8,6,"Compta Finances","Non",84,57,"50 ans et plus","Moins de 2 ans",2123.3333,35417.199444,"Profession intermédiaire"
"16460901-9957","F","Marié",0,0,"CDI",2079.35,7,1,1,35,13.7,34,"Compta Finances","Oui",40,48,"40-49 ans","10 ans et plus",2079.35,26698.854,"Employé"
"16421009-6154","F","Célibataire",0,2,"CDI",2073.2833,28,0,0,35,21.1,5,"Consultant","Non",59,43,"40-49 ans","10 ans et plus",2073.2833,31845.631488,"Profession intermédiaire"
"16330117-4748","F","Non renseigné",0,1,"CDI",2070.25,34,0,0,35,3.8,53,"Commercial","Non",58,58,"50 ans et plus","2 à 5 ans",2070.25,33289.62,"Profession intermédiaire"
"16820822-2953","F","Non renseigné",1,2,"CDI",2070.25,24,1,0,35,9.3,45,"Consultant","Non",95,26,"Moins de 30 ans","5 à 10 ans",2070.25,30805.32,"Profession intermédiaire"
"16460901-5575","H","Non renseigné",0,2,"CDI",2055.04,12,0,0,24,13.2,44,"Consultant","Non",37,60,"50 ans et plus","10 ans et plus",2996.933333333333,40278.784,"Profession intermédiaire"
"16891227-4985","F","Célibataire",0,0,"CDI",2052.05,13,0,0,35,5.3,60,"Compta Finances","Non",12,29,"Moins de 30 ans","5 à 10 ans",2052.05,27825.798000000003,"Employé"
"16290714-4014","F","Célibataire",0,1,"CDI",2027.7833,19,0,0,35,6.6,58,"Consultant","Non",92,36,"30-39 ans","5 à 10 ans",2027.7833,28956.745524,"Employé"
"16221207-5101","H","Célibataire",0,0,"CDI",2024.75,4,1,0,35,14.2,4,"Consultant","Non",42,45,"40-49 ans","10 ans et plus",2024.75,25268.879999999997,"Employé"
"16360827-6352","F","Non renseigné",1,1,"CDI",2008.0667,35,1,0,35,3.5,61,"Compta Finances","Non",44,27,"Moins de 30 ans","2 à 5 ans",2008.0666999999999,32530.68054,"Profession intermédiaire"
"16810711-6330","H","Non renseigné",0,0,"CDD",1989.8667,5,0,0,35,1.4,67,"Marketing","Non",19,36,"30-39 ans","Moins de 2 ans",1989.8666999999998,25072.320419999996,"Employé"
"16350925-6446","H","Célibataire",0,2,"CDI",1979.25,6,1,0,35,5.5,46,"Compta Finances","Non",31,40,"40-49 ans","5 à 10 ans",1979.25,25176.06,"Employé"
"16081104-1011","F","Marié",1,3,"CDD",1920.1,17,1,0,35,1.1,31,"Compta Finances","Non",18,31,"30-39 ans","Moins de 2 ans",1920.1,26958.203999999998,"Employé"
"16910810-9712","H","Non renseigné",0,1,"CDI",1873.0833,27,0,0,35,12.2,28,"Consultant","Non",45,48,"40-49 ans","10 ans et plus",1873.0833,28545.789492,"Employé"
"16810230-7785","F","Célibataire",1,3,"CDI",1863.9833,12,1,0,35,2.5,55,"Marketing","Non",67,33,"30-39 ans","2 à 5 ans",1863.9833,25051.935552000003,"Employé"
"16851208-5567","H","Célibataire",0,0,"CDI",1851.5467,19,0,0,28,23.7,38,"Consultant","Non",15,45,"40-49 ans","10 ans et plus",2314.433375,33050.108595000005,"Profession intermédiaire"
"16760706-4982","H","Non renseigné",0,1,"CDI",1835.1667,6,0,0,35,19,3,"Compta Finances","Non",15,37,"30-39 ans","10 ans et plus",1835.1667,23343.320424,"Employé"
"16780226-1060","H","Marié",0,3,"CDI",1833.65,8,0,1,35,8.2,25,"Compta Finances","Non",17,55,"50 ans et plus","5 à 10 ans",1833.65,23764.104,"Employé"
"16640904-2246","H","Célibataire",0,3,"CDI",1803.3167,8,1,0,35,4.4,67,"Consultant","Non",81,32,"30-39 ans","2 à 5 ans",1803.3167,23370.984432,"Employé"
"16681012-6406","F","Non renseigné",0,2,"CDI",1774.5,16,1,0,35,5.5,43,"Consultant","Non",47,49,"40-49 ans","5 à 10 ans",1774.5,24701.04,"Employé"
"16630411-0916","H","Non renseigné",0,3,"CDI",1772.9833,20,1,1,35,16.4,23,"Compta Finances","Non",44,51,"50 ans et plus","10 ans et plus",1772.9833,25530.95952,"Employé"
"16890714-6248","H","Marié",0,0,"CDI",1709.76,10,1,1,24,10.3,11,"Consultant","Non",87,50,"50 ans et plus","10 ans et plus",2493.4,32912.880000000005,"Profession intermédiaire"
"16300407-2348","F","Non renseigné",0,3,"CDI",1703.2167,39,1,0,35,5.7,24,"Consultant","Non",87,47,"40-49 ans","5 à 10 ans",1703.2167,28409.654555999998,"Employé"
"16970415-1050","H","Marié",0,3,"CDI",1697.15,17,1,0,35,21.7,59,"Consultant","Non",98,53,"50 ans et plus","10 ans et plus",1697.15,23827.986,"Employé"
"16580220-7323","H","Marié",0,0,"CDI",1669.85,22,1,0,35,12.4,41,"Marketing","Non",32,28,"Moins de 30 ans","10 ans et plus",1669.85,24446.604,"Employé"
"16820525-6301","H","Non renseigné",0,0,"CDI",1651.65,18,0,0,35,17.1,43,"Consultant","Non",69,40,"40-49 ans","10 ans et plus",1651.65,23387.364,"Employé"
"16260907-1895","F","Marié",0,1,"CDI",1598.5667,18,0,1,35,14,44,"Marketing","Non",40,33,"30-39 ans","10 ans et plus",1598.5667,22635.704472,"Employé"
"16021125-4271","H","Célibataire",0,2,"CDI",1590.9833,30,1,1,35,14.9,36,"Commercial","Non",62,46,"40-49 ans","10 ans et plus",1590.9833,24819.339480000002,"Employé"
"16761104-5282","H","Non renseigné",0,0,"CDI",1110.72,14,1,0,24,6.3,17,"Consultant","Non",30,50,"50 ans et plus","5 à 10 ans",1619.8000000000002,22158.864,"Employé"
"16610809-8713","F","Marié",0,1,"CDI",1059.76,1,0,1,24,11.9,16,"Compta Finances","Non",68,35,"30-39 ans","10 ans et plus",1545.4833333333333,18731.257999999998,"Employé"
